{
  "version": 2,
  "last_pick": "13-24",
  "miss_streak": 1,
  "cooldown_left": 2,
  "t": 2695,
  "last_switch_spin": 2695,
  "ewma_hit": {
    "1-12": 0.1932627548276563,
    "13-24": 0.20926285703021724,
    "25-36": 0.2337038754060854
  },
  "ewma_edge": {
    "1-12": 0.019298188603237513,
    "13-24": 0.021638846295338143,
    "25-36": 0.025457602187749534
  },
  "ts": "2025-12-26T04:41:59.623702+00:00",
  "recent_hits": [
    1,
    0,
    0,
    1,
    0,
    0,
    0,
    1,
    0,
    0,
    0,
    0,
    0,
    0,
    0,
    1,
    0,
    0,
    0,
    0,
    1,
    0,
    1,
    1,
    1,
    0,
    0,
    0,
    0,
    0,
    0,
    1,
    0,
    0,
    0,
    1,
    0,
    0,
    0,
    1,
    1,
    0,
    1,
    0,
    0,
    1,
    0,
    0,
    0,
    0,
    0,
    0,
    0,
    0,
    0,
    0,
    0,
    1,
    0,
    0,
    0,
    0,
    0,
    1,
    0,
    0,
    0,
    0,
    0,
    0,
    1,
    0,
    0,
    1,
    0,
    0,
    1,
    1,
    0,
    0,
    0,
    1,
    1,
    1,
    0,
    0,
    0,
    0,
    1,
    0,
    0,
    0,
    0,
    0,
    0,
    1,
    0,
    0,
    0,
    0,
    0,
    0,
    0,
    1,
    0,
    0,
    1,
    1,
    1,
    0,
    1,
    0,
    0,
    1,
    1,
    1,
    0,
    0,
    0,
    0,
    0,
    0,
    1,
    0,
    0,
    0,
    0,
    1,
    1,
    0,
    0,
    0,
    0,
    1,
    1,
    1,
    0,
    0,
    0,
    0,
    0,
    1,
    0,
    1,
    0,
    0,
    0,
    0,
    0,
    1,
    1,
    0,
    0,
    0,
    1,
    0,
    0,
    0,
    0,
    0,
    0,
    0,
    0,
    1,
    1,
    0,
    0,
    0,
    0,
    0,
    0,
    0,
    0,
    0,
    0,
    0,
    1,
    0,
    1,
    0,
    0,
    0,
    0,
    0,
    0,
    0,
    0,
    0,
    0,
    0,
    1,
    1,
    0,
    0,
    0,
    1,
    0,
    0,
    1,
    0
  ],
  "recent_picks": [
    "13-24",
    "13-24",
    "13-24",
    "1-12",
    "1-12",
    "13-24",
    "1-12",
    "13-24",
    "1-12",
    "13-24",
    "25-36",
    "13-24",
    "13-24",
    "1-12",
    "13-24",
    "1-12",
    "1-12",
    "1-12",
    "13-24",
    "1-12",
    "13-24",
    "1-12",
    "13-24",
    "13-24",
    "13-24",
    "13-24",
    "13-24",
    "13-24",
    "1-12",
    "13-24",
    "1-12",
    "13-24",
    "13-24",
    "25-36",
    "1-12",
    "25-36",
    "25-36",
    "25-36",
    "13-24",
    "25-36",
    "25-36",
    "25-36",
    "1-12",
    "1-12",
    "13-24",
    "1-12",
    "1-12",
    "13-24",
    "1-12",
    "13-24",
    "1-12",
    "13-24",
    "25-36",
    "13-24",
    "1-12",
    "13-24",
    "1-12",
    "13-24",
    "13-24",
    "1-12",
    "13-24",
    "25-36",
    "13-24",
    "25-36",
    "1-12",
    "25-36",
    "25-36",
    "1-12",
    "13-24",
    "1-12",
    "13-24",
    "13-24",
    "13-24",
    "25-36",
    "13-24",
    "1-12",
    "25-36",
    "25-36",
    "25-36",
    "25-36",
    "13-24",
    "25-36",
    "25-36",
    "25-36",
    "25-36",
    "25-36",
    "1-12",
    "25-36",
    "13-24",
    "13-24",
    "25-36",
    "13-24",
    "25-36",
    "1-12",
    "25-36",
    "13-24",
    "25-36",
    "13-24",
    "1-12",
    "25-36",
    "13-24",
    "1-12",
    "13-24",
    "25-36",
    "25-36",
    "1-12",
    "13-24",
    "13-24",
    "13-24",
    "13-24",
    "13-24",
    "13-24",
    "13-24",
    "25-36",
    "25-36",
    "25-36",
    "25-36",
    "25-36",
    "13-24",
    "1-12",
    "13-24",
    "1-12",
    "13-24",
    "13-24",
    "1-12",
    "13-24",
    "25-36",
    "1-12",
    "1-12",
    "1-12",
    "13-24",
    "1-12",
    "13-24",
    "1-12",
    "1-12",
    "1-12",
    "1-12",
    "1-12",
    "13-24",
    "25-36",
    "1-12",
    "25-36",
    "25-36",
    "13-24",
    "13-24",
    "13-24",
    "13-24",
    "1-12",
    "13-24",
    "25-36",
    "25-36",
    "25-36",
    "13-24",
    "1-12",
    "13-24",
    "13-24",
    "13-24",
    "1-12",
    "13-24",
    "25-36",
    "1-12",
    "13-24",
    "1-12",
    "25-36",
    "25-36",
    "25-36",
    "25-36",
    "1-12",
    "25-36",
    "1-12",
    "13-24",
    "25-36",
    "1-12",
    "13-24",
    "1-12",
    "25-36",
    "1-12",
    "1-12",
    "13-24",
    "13-24",
    "13-24",
    "1-12",
    "13-24",
    "1-12",
    "25-36",
    "1-12",
    "13-24",
    "25-36",
    "1-12",
    "13-24",
    "25-36",
    "25-36",
    "25-36",
    "1-12",
    "25-36",
    "1-12",
    "25-36",
    "1-12",
    "13-24",
    "13-24"
  ],
  "force_probe_until_t": 2699
}